Incident_ID,Date,Location,Department,Injury_Type,Root_Cause,Corrective_Action,Incident_Severity,Days_Lost
884,2025-06-02,Site A,Maintenance,Bruise,Equipment Failure,Investigation,High,7
173,2023-06-22,Site C,Logistics,Bruise,Human Error,Investigation,Low,2
736,2025-01-05,Site A,Construction,None,Other,Clean-up,High,12
729,2024-12-29,Site A,Logistics,Burn,Lack of PPE,Training,High,8
635,2024-09-26,Site B,Construction,Fracture,Other,PPE Enforcement,High,10
719,2024-12-19,Site A,Maintenance,Burn,Human Error,Clean-up,High,10
339,2023-12-05,Site A,Maintenance,None,Poor Housekeeping,Clean-up,Medium,6
725,2024-12-25,Site A,Construction,None,Other,Training,High,10
342,2023-12-08,Site B,Logistics,Bruise,Poor Housekeeping,PPE Enforcement,Medium,5
69,2023-03-10,Site B,Maintenance,None,Poor Housekeeping,Equipment Repair,Low,2
410,2024-02-14,Site B,Maintenance,None,Lack of PPE,PPE Enforcement,Medium,4
878,2025-05-27,Site B,Construction,None,Poor Housekeeping,Clean-up,High,9
151,2023-05-31,Site B,Maintenance,Bruise,Other,Clean-up,Low,1
656,2024-10-17,Site B,Maintenance,None,Equipment Failure,Investigation,High,15
124,2023-05-04,Site C,Construction,Burn,Equipment Failure,Training,Low,2
526,2024-06-09,Site A,Logistics,Fracture,Other,Equipment Repair,Medium,4
221,2023-08-09,Site A,Maintenance,Fracture,Human Error,Clean-up,Low,0
235,2023-08-23,Site A,Maintenance,Bruise,Lack of PPE,Equipment Repair,Low,1
195,2023-07-14,Site C,Construction,Burn,Equipment Failure,Training,Low,1
282,2023-10-09,Site C,Maintenance,Cut,Human Error,Investigation,Low,0
352,2023-12-18,Site A,Construction,None,Other,Clean-up,Medium,5
218,2023-08-06,Site C,Logistics,Bruise,Equipment Failure,Equipment Repair,Low,2
135,2023-05-15,Site C,Maintenance,None,Equipment Failure,PPE Enforcement,Low,2
122,2023-05-02,Site C,Maintenance,Cut,Lack of PPE,Investigation,Low,0
185,2023-07-04,Site A,Maintenance,Cut,Equipment Failure,Clean-up,Low,0
720,2024-12-20,Site C,Maintenance,Cut,Equipment Failure,Clean-up,High,7
280,2023-10-07,Site A,Maintenance,Bruise,Lack of PPE,Clean-up,Low,1
501,2024-05-15,Site B,Construction,Cut,Lack of PPE,Training,Medium,5
429,2024-03-04,Site B,Construction,None,Poor Housekeeping,PPE Enforcement,Medium,1
440,2024-03-15,Site C,Maintenance,Cut,Human Error,PPE Enforcement,Medium,2
545,2024-06-28,Site C,Construction,Burn,Other,Investigation,Medium,5
86,2023-03-27,Site B,Construction,Cut,Other,Investigation,Low,2
585,2024-08-07,Site A,Construction,None,Other,Equipment Repair,Medium,8
121,2023-05-01,Site A,Logistics,None,Poor Housekeeping,Equipment Repair,Low,0
119,2023-04-29,Site C,Maintenance,Cut,Poor Housekeeping,PPE Enforcement,Low,3
517,2024-05-31,Site C,Maintenance,Bruise,Other,Clean-up,Medium,2
260,2023-09-17,Site A,Construction,Fracture,Human Error,Clean-up,Low,0
710,2024-12-10,Site C,Logistics,None,Equipment Failure,Equipment Repair,High,14
103,2023-04-13,Site C,Logistics,Cut,Equipment Failure,PPE Enforcement,Low,0
678,2024-11-08,Site A,Construction,Fracture,Human Error,Equipment Repair,High,8
427,2024-03-02,Site B,Construction,Burn,Other,Clean-up,Medium,4
470,2024-04-14,Site C,Maintenance,Fracture,Human Error,Clean-up,Medium,5
140,2023-05-20,Site A,Logistics,Cut,Equipment Failure,Investigation,Low,2
569,2024-07-22,Site C,Logistics,Burn,Lack of PPE,Clean-up,Medium,4
259,2023-09-16,Site C,Construction,Burn,Poor Housekeeping,Investigation,Low,1
279,2023-10-06,Site A,Maintenance,Burn,Lack of PPE,PPE Enforcement,Low,0
269,2023-09-26,Site B,Logistics,None,Lack of PPE,PPE Enforcement,Low,2
724,2024-12-24,Site A,Construction,Fracture,Poor Housekeeping,Training,High,8
414,2024-02-18,Site B,Logistics,Burn,Human Error,Training,Medium,8
355,2023-12-21,Site A,Construction,Fracture,Poor Housekeeping,Training,Medium,6
513,2024-05-27,Site C,Maintenance,Burn,Lack of PPE,Investigation,Medium,6
542,2024-06-25,Site B,Maintenance,Bruise,Human Error,Training,Medium,4
892,2025-06-10,Site A,Logistics,Cut,Other,PPE Enforcement,High,12
17,2023-01-17,Site B,Logistics,Fracture,Lack of PPE,Training,Low,2
366,2024-01-01,Site B,Construction,None,Lack of PPE,PPE Enforcement,Medium,2
588,2024-08-10,Site A,Maintenance,None,Human Error,Equipment Repair,Medium,5
519,2024-06-02,Site A,Logistics,Burn,Poor Housekeeping,Training,Medium,5
691,2024-11-21,Site C,Construction,Bruise,Lack of PPE,Training,High,7
95,2023-04-05,Site A,Maintenance,None,Other,Equipment Repair,Low,0
815,2025-03-25,Site A,Construction,Bruise,Equipment Failure,Equipment Repair,High,10
660,2024-10-21,Site B,Logistics,Fracture,Equipment Failure,Investigation,High,7
50,2023-02-19,Site B,Maintenance,None,Other,Clean-up,Low,0
258,2023-09-15,Site A,Construction,None,Human Error,Equipment Repair,Low,1
894,2025-06-12,Site B,Construction,Cut,Lack of PPE,PPE Enforcement,High,11
367,2024-01-02,Site B,Maintenance,Fracture,Lack of PPE,Investigation,Medium,3
818,2025-03-28,Site C,Maintenance,Burn,Poor Housekeeping,Investigation,High,8
479,2024-04-23,Site A,Maintenance,Bruise,Human Error,PPE Enforcement,Medium,3
21,2023-01-21,Site A,Logistics,Bruise,Other,Equipment Repair,Low,0
690,2024-11-20,Site A,Construction,Burn,Lack of PPE,Clean-up,High,16
296,2023-10-23,Site B,Maintenance,Burn,Poor Housekeeping,Investigation,Low,3
580,2024-08-02,Site B,Construction,Bruise,Lack of PPE,PPE Enforcement,Medium,6
244,2023-09-01,Site B,Maintenance,None,Other,Training,Low,1
171,2023-06-20,Site B,Maintenance,Burn,Poor Housekeeping,Equipment Repair,Low,3
189,2023-07-08,Site B,Construction,Bruise,Other,Equipment Repair,Low,1
451,2024-03-26,Site A,Construction,Burn,Poor Housekeeping,Investigation,Medium,5
243,2023-08-31,Site C,Maintenance,None,Other,Equipment Repair,Low,0
160,2023-06-09,Site C,Logistics,None,Lack of PPE,PPE Enforcement,Low,1
137,2023-05-17,Site B,Construction,Fracture,Human Error,PPE Enforcement,Low,3
586,2024-08-08,Site A,Construction,Bruise,Other,PPE Enforcement,Medium,6
272,2023-09-29,Site B,Logistics,Cut,Other,Clean-up,Low,0
365,2023-12-31,Site C,Construction,Fracture,Lack of PPE,PPE Enforcement,Medium,4
889,2025-06-07,Site A,Construction,Fracture,Other,Equipment Repair,High,8
294,2023-10-21,Site A,Construction,Cut,Other,Clean-up,Low,1
809,2025-03-19,Site A,Logistics,Bruise,Other,PPE Enforcement,High,10
597,2024-08-19,Site C,Maintenance,Bruise,Human Error,Investigation,Medium,4
40,2023-02-09,Site C,Construction,Cut,Poor Housekeeping,Equipment Repair,Low,1
100,2023-04-10,Site A,Construction,Cut,Equipment Failure,Clean-up,Low,0
310,2023-11-06,Site A,Maintenance,Burn,Poor Housekeeping,Equipment Repair,Medium,0
97,2023-04-07,Site A,Maintenance,Bruise,Poor Housekeeping,Training,Low,1
183,2023-07-02,Site B,Construction,None,Human Error,Training,Low,2
18,2023-01-18,Site B,Construction,Cut,Equipment Failure,Clean-up,Low,1
613,2024-09-04,Site A,Logistics,Fracture,Poor Housekeeping,Clean-up,High,14
882,2025-05-31,Site C,Construction,Fracture,Equipment Failure,Equipment Repair,High,12
399,2024-02-03,Site C,Maintenance,Burn,Human Error,Clean-up,Medium,7
848,2025-04-27,Site A,Logistics,Fracture,Human Error,Equipment Repair,High,11
251,2023-09-08,Site C,Maintenance,Fracture,Equipment Failure,Equipment Repair,Low,2
853,2025-05-02,Site B,Logistics,None,Other,Training,High,5
550,2024-07-03,Site C,Construction,Burn,Human Error,Investigation,Medium,3
722,2024-12-22,Site C,Construction,Cut,Other,PPE Enforcement,High,12
312,2023-11-08,Site C,Maintenance,None,Equipment Failure,Training,Medium,3
264,2023-09-21,Site C,Logistics,Burn,Other,Clean-up,Low,2
709,2024-12-09,Site A,Logistics,None,Other,Clean-up,High,6
849,2025-04-28,Site A,Logistics,Fracture,Other,Clean-up,High,15
255,2023-09-12,Site A,Logistics,Burn,Lack of PPE,Training,Low,0
174,2023-06-23,Site B,Construction,Fracture,Human Error,PPE Enforcement,Low,4
2,2023-01-02,Site A,Construction,Bruise,Human Error,Clean-up,Low,1
646,2024-10-07,Site C,Logistics,Burn,Lack of PPE,Clean-up,High,13
226,2023-08-14,Site B,Maintenance,Bruise,Poor Housekeeping,PPE Enforcement,Low,1
881,2025-05-30,Site C,Maintenance,Burn,Human Error,Investigation,High,10
351,2023-12-17,Site C,Maintenance,Cut,Other,Equipment Repair,Medium,7
533,2024-06-16,Site C,Logistics,Burn,Human Error,Training,Medium,6
518,2024-06-01,Site C,Maintenance,None,Human Error,Training,Medium,6
403,2024-02-07,Site C,Construction,Burn,Lack of PPE,Equipment Repair,Medium,4
345,2023-12-11,Site A,Logistics,Bruise,Poor Housekeeping,Equipment Repair,Medium,3
346,2023-12-12,Site A,Logistics,Cut,Equipment Failure,Investigation,Medium,10
808,2025-03-18,Site B,Construction,Bruise,Other,Training,High,5
734,2025-01-03,Site B,Construction,Fracture,Other,PPE Enforcement,High,13
582,2024-08-04,Site C,Construction,Burn,Human Error,PPE Enforcement,Medium,5
897,2025-06-15,Site A,Maintenance,Bruise,Lack of PPE,Clean-up,High,11
93,2023-04-03,Site A,Maintenance,None,Lack of PPE,Training,Low,2
120,2023-04-30,Site B,Logistics,Cut,Equipment Failure,Training,Low,1
835,2025-04-14,Site C,Construction,Fracture,Poor Housekeeping,Training,High,11
488,2024-05-02,Site A,Maintenance,Burn,Other,Investigation,Medium,4
577,2024-07-30,Site A,Construction,None,Human Error,Training,Medium,4
5,2023-01-05,Site A,Logistics,Fracture,Human Error,Equipment Repair,Low,0
482,2024-04-26,Site B,Maintenance,Bruise,Human Error,Training,Medium,5
814,2025-03-24,Site C,Logistics,Fracture,Lack of PPE,Investigation,High,9
27,2023-01-27,Site A,Maintenance,Cut,Poor Housekeeping,Training,Low,1
331,2023-11-27,Site A,Logistics,Cut,Lack of PPE,Training,Medium,3
424,2024-02-28,Site A,Logistics,None,Other,Training,Medium,8
786,2025-02-24,Site A,Maintenance,Fracture,Lack of PPE,Equipment Repair,High,12
645,2024-10-06,Site C,Maintenance,Cut,Lack of PPE,PPE Enforcement,High,6
794,2025-03-04,Site A,Maintenance,Bruise,Lack of PPE,Clean-up,High,14
67,2023-03-08,Site B,Logistics,Cut,Poor Housekeeping,Training,Low,2
516,2024-05-30,Site A,Construction,Bruise,Other,PPE Enforcement,Medium,4
445,2024-03-20,Site B,Maintenance,Cut,Lack of PPE,Training,Medium,9
465,2024-04-09,Site C,Logistics,Cut,Lack of PPE,Clean-up,Medium,10
472,2024-04-16,Site B,Construction,Burn,Poor Housekeeping,Equipment Repair,Medium,6
840,2025-04-19,Site A,Logistics,Cut,Poor Housekeeping,PPE Enforcement,High,5
778,2025-02-16,Site A,Maintenance,Cut,Lack of PPE,Investigation,High,11
131,2023-05-11,Site C,Construction,Bruise,Poor Housekeeping,Investigation,Low,2
821,2025-03-31,Site A,Construction,Bruise,Lack of PPE,Investigation,High,12
612,2024-09-03,Site B,Logistics,Bruise,Poor Housekeeping,Investigation,High,15
116,2023-04-26,Site B,Logistics,Cut,Human Error,PPE Enforcement,Low,0
567,2024-07-20,Site A,Logistics,Fracture,Human Error,PPE Enforcement,Medium,4
528,2024-06-11,Site B,Logistics,Burn,Other,PPE Enforcement,Medium,6
89,2023-03-30,Site B,Construction,None,Lack of PPE,Equipment Repair,Low,2
61,2023-03-02,Site B,Construction,Burn,Human Error,Training,Low,1
55,2023-02-24,Site B,Maintenance,Burn,Poor Housekeeping,Investigation,Low,2
421,2024-02-25,Site C,Logistics,None,Lack of PPE,Training,Medium,3
87,2023-03-28,Site C,Construction,Cut,Lack of PPE,Clean-up,Low,0
288,2023-10-15,Site B,Logistics,Fracture,Equipment Failure,PPE Enforcement,Low,2
98,2023-04-08,Site C,Logistics,Fracture,Human Error,PPE Enforcement,Low,1
233,2023-08-21,Site C,Logistics,Cut,Lack of PPE,Equipment Repair,Low,1
591,2024-08-13,Site C,Logistics,Cut,Other,Training,Medium,7
25,2023-01-25,Site A,Logistics,None,Human Error,Investigation,Low,1
364,2023-12-30,Site B,Construction,Cut,Lack of PPE,Training,Medium,3
373,2024-01-08,Site C,Construction,Bruise,Lack of PPE,PPE Enforcement,Medium,6
283,2023-10-10,Site C,Construction,None,Lack of PPE,Equipment Repair,Low,0
796,2025-03-06,Site A,Construction,Cut,Lack of PPE,Clean-up,High,10
433,2024-03-08,Site A,Logistics,Burn,Human Error,Training,Medium,6
850,2025-04-29,Site A,Maintenance,Cut,Other,Training,High,12
617,2024-09-08,Site C,Construction,Fracture,Other,Clean-up,High,10
222,2023-08-10,Site C,Maintenance,Bruise,Lack of PPE,Training,Low,0
860,2025-05-09,Site A,Maintenance,Bruise,Poor Housekeeping,Training,High,5
157,2023-06-06,Site C,Construction,Bruise,Equipment Failure,Investigation,Low,0
807,2025-03-17,Site C,Construction,Cut,Other,Training,High,13
64,2023-03-05,Site B,Construction,Fracture,Human Error,Investigation,Low,3
358,2023-12-24,Site C,Maintenance,None,Lack of PPE,Training,Medium,6
870,2025-05-19,Site C,Construction,None,Lack of PPE,Training,High,11
492,2024-05-06,Site B,Construction,Cut,Lack of PPE,PPE Enforcement,Medium,4
693,2024-11-23,Site C,Logistics,Burn,Equipment Failure,Training,High,9
248,2023-09-05,Site C,Logistics,None,Poor Housekeeping,Equipment Repair,Low,0
634,2024-09-25,Site B,Maintenance,Burn,Human Error,Clean-up,High,13
750,2025-01-19,Site B,Logistics,Burn,Poor Housekeeping,Equipment Repair,High,6
523,2024-06-06,Site B,Construction,Fracture,Other,Investigation,Medium,7
362,2023-12-28,Site C,Construction,Bruise,Lack of PPE,PPE Enforcement,Medium,7
825,2025-04-04,Site C,Construction,Cut,Equipment Failure,Investigation,High,15
392,2024-01-27,Site C,Logistics,Bruise,Poor Housekeeping,Clean-up,Medium,2
460,2024-04-04,Site A,Construction,Cut,Other,Training,Medium,9
652,2024-10-13,Site A,Logistics,Burn,Lack of PPE,Equipment Repair,High,13
834,2025-04-13,Site B,Construction,Burn,Poor Housekeeping,Equipment Repair,High,9
63,2023-03-04,Site B,Logistics,Burn,Other,Investigation,Low,1
677,2024-11-07,Site A,Maintenance,Burn,Poor Housekeeping,PPE Enforcement,High,9
59,2023-02-28,Site C,Construction,Cut,Lack of PPE,Training,Low,1
78,2023-03-19,Site C,Maintenance,Bruise,Equipment Failure,Investigation,Low,2
856,2025-05-05,Site B,Construction,None,Human Error,Training,High,9
206,2023-07-25,Site C,Logistics,Burn,Poor Housekeeping,Equipment Repair,Low,0
681,2024-11-11,Site A,Maintenance,Burn,Other,PPE Enforcement,High,12
459,2024-04-03,Site B,Logistics,Burn,Poor Housekeeping,Investigation,Medium,4
893,2025-06-11,Site A,Maintenance,None,Poor Housekeeping,PPE Enforcement,High,10
360,2023-12-26,Site A,Maintenance,Fracture,Other,Clean-up,Medium,2
383,2024-01-18,Site A,Construction,Burn,Lack of PPE,Training,Medium,6
309,2023-11-05,Site C,Construction,Bruise,Lack of PPE,PPE Enforcement,Medium,8
207,2023-07-26,Site B,Logistics,Bruise,Equipment Failure,Investigation,Low,0
727,2024-12-27,Site A,Logistics,None,Other,Investigation,High,5
322,2023-11-18,Site C,Logistics,Bruise,Lack of PPE,PPE Enforcement,Medium,3
637,2024-09-28,Site A,Maintenance,Cut,Poor Housekeeping,Training,High,7
263,2023-09-20,Site C,Maintenance,Cut,Lack of PPE,Equipment Repair,Low,0
886,2025-06-04,Site B,Maintenance,Cut,Human Error,Clean-up,High,8
688,2024-11-18,Site A,Logistics,Burn,Other,Training,High,14
332,2023-11-28,Site A,Logistics,Burn,Lack of PPE,Investigation,Medium,0
599,2024-08-21,Site C,Logistics,Bruise,Equipment Failure,Training,Medium,10
783,2025-02-21,Site B,Construction,Burn,Other,Equipment Repair,High,12
143,2023-05-23,Site B,Logistics,Bruise,Equipment Failure,PPE Enforcement,Low,1
817,2025-03-27,Site C,Maintenance,None,Equipment Failure,PPE Enforcement,High,20
300,2023-10-27,Site B,Construction,Bruise,Poor Housekeeping,PPE Enforcement,Low,2
237,2023-08-25,Site B,Construction,Fracture,Poor Housekeeping,Clean-up,Low,0
484,2024-04-28,Site B,Construction,Bruise,Lack of PPE,Investigation,Medium,2
436,2024-03-11,Site B,Maintenance,Cut,Poor Housekeeping,Clean-up,Medium,3
224,2023-08-12,Site B,Logistics,Bruise,Human Error,PPE Enforcement,Low,1
238,2023-08-26,Site B,Construction,Cut,Equipment Failure,Clean-up,Low,1
126,2023-05-06,Site A,Maintenance,Bruise,Human Error,Equipment Repair,Low,0
408,2024-02-12,Site B,Maintenance,Fracture,Human Error,PPE Enforcement,Medium,4
871,2025-05-20,Site C,Construction,Burn,Equipment Failure,Equipment Repair,High,11
417,2024-02-21,Site B,Construction,Fracture,Other,Equipment Repair,Medium,2
474,2024-04-18,Site A,Construction,Fracture,Lack of PPE,Equipment Repair,Medium,4
877,2025-05-26,Site A,Construction,Burn,Human Error,Clean-up,High,11
227,2023-08-15,Site B,Logistics,None,Lack of PPE,Equipment Repair,Low,1
696,2024-11-26,Site B,Maintenance,Fracture,Equipment Failure,Investigation,High,9
532,2024-06-15,Site B,Construction,Bruise,Other,Clean-up,Medium,3
596,2024-08-18,Site A,Maintenance,Burn,Other,Equipment Repair,Medium,8
273,2023-09-30,Site A,Maintenance,Cut,Other,Equipment Repair,Low,1
58,2023-02-27,Site A,Construction,Fracture,Poor Housekeeping,Training,Low,0
419,2024-02-23,Site C,Construction,Burn,Poor Housekeeping,Equipment Repair,Medium,6
39,2023-02-08,Site A,Logistics,Fracture,Poor Housekeeping,Investigation,Low,2
232,2023-08-20,Site A,Logistics,None,Lack of PPE,Training,Low,0
368,2024-01-03,Site C,Maintenance,Cut,Equipment Failure,Clean-up,Medium,5
250,2023-09-07,Site C,Construction,Bruise,Poor Housekeeping,Investigation,Low,1
841,2025-04-20,Site B,Construction,Burn,Equipment Failure,Training,High,5
649,2024-10-10,Site B,Maintenance,Burn,Poor Housekeeping,Training,High,13
522,2024-06-05,Site A,Maintenance,Burn,Other,Clean-up,Medium,4
869,2025-05-18,Site C,Maintenance,Fracture,Other,Investigation,High,11
76,2023-03-17,Site B,Construction,None,Other,Training,Low,1
254,2023-09-11,Site A,Logistics,Bruise,Lack of PPE,PPE Enforcement,Low,0
553,2024-07-06,Site A,Logistics,Burn,Lack of PPE,Investigation,Medium,6
752,2025-01-21,Site A,Construction,Cut,Equipment Failure,Training,High,14
780,2025-02-18,Site A,Maintenance,Burn,Lack of PPE,Investigation,High,14
261,2023-09-18,Site A,Logistics,Burn,Other,Training,Low,2
348,2023-12-14,Site B,Maintenance,Cut,Other,Clean-up,Medium,4
610,2024-09-01,Site B,Logistics,None,Lack of PPE,Equipment Repair,High,8
256,2023-09-13,Site C,Construction,Cut,Equipment Failure,PPE Enforcement,Low,0
723,2024-12-23,Site A,Construction,Burn,Other,Equipment Repair,High,13
857,2025-05-06,Site B,Logistics,None,Human Error,PPE Enforcement,High,8
845,2025-04-24,Site C,Construction,None,Other,Investigation,High,12
490,2024-05-04,Site A,Maintenance,Cut,Human Error,PPE Enforcement,Medium,9
252,2023-09-09,Site C,Maintenance,Bruise,Lack of PPE,Clean-up,Low,0
822,2025-04-01,Site A,Construction,Cut,Poor Housekeeping,Investigation,High,9
347,2023-12-13,Site A,Logistics,Cut,Human Error,Investigation,Medium,2
102,2023-04-12,Site C,Logistics,Burn,Poor Housekeeping,Investigation,Low,0
301,2023-10-28,Site C,Maintenance,Fracture,Human Error,Equipment Repair,Medium,6
172,2023-06-21,Site B,Construction,Bruise,Equipment Failure,PPE Enforcement,Low,0
663,2024-10-24,Site A,Maintenance,Fracture,Other,PPE Enforcement,High,10
4,2023-01-04,Site C,Construction,Bruise,Other,Clean-up,Low,1
590,2024-08-12,Site B,Logistics,Fracture,Poor Housekeeping,Training,Medium,9
180,2023-06-29,Site A,Construction,Bruise,Equipment Failure,PPE Enforcement,Low,0
622,2024-09-13,Site B,Construction,Bruise,Poor Housekeeping,Training,High,14
432,2024-03-07,Site C,Construction,Bruise,Other,Training,Medium,6
175,2023-06-24,Site C,Maintenance,None,Human Error,PPE Enforcement,Low,0
361,2023-12-27,Site B,Construction,Bruise,Equipment Failure,Equipment Repair,Medium,5
704,2024-12-04,Site A,Logistics,None,Lack of PPE,Clean-up,High,12
781,2025-02-19,Site A,Maintenance,None,Other,Training,High,12
190,2023-07-09,Site C,Logistics,None,Other,Training,Low,1
486,2024-04-30,Site B,Logistics,Cut,Poor Housekeeping,Investigation,Medium,5
142,2023-05-22,Site C,Logistics,Burn,Lack of PPE,Clean-up,Low,1
716,2024-12-16,Site B,Construction,Bruise,Lack of PPE,Clean-up,High,16
494,2024-05-08,Site C,Construction,Fracture,Poor Housekeeping,Equipment Repair,Medium,4
3,2023-01-03,Site C,Maintenance,Cut,Equipment Failure,Clean-up,Low,2
616,2024-09-07,Site A,Logistics,None,Poor Housekeeping,Investigation,High,12
136,2023-05-16,Site C,Maintenance,Fracture,Lack of PPE,Training,Low,1
811,2025-03-21,Site A,Maintenance,None,Human Error,Equipment Repair,High,13
846,2025-04-25,Site B,Construction,None,Human Error,Investigation,High,11
900,2025-06-18,Site A,Maintenance,Burn,Lack of PPE,Equipment Repair,High,3
304,2023-10-31,Site A,Logistics,Cut,Poor Housekeeping,Investigation,Medium,5
210,2023-07-29,Site A,Construction,Bruise,Other,Clean-up,Low,1
624,2024-09-15,Site A,Logistics,Bruise,Other,Clean-up,High,6
764,2025-02-02,Site B,Logistics,Burn,Lack of PPE,Training,High,7
642,2024-10-03,Site A,Logistics,None,Other,Training,High,12
862,2025-05-11,Site C,Logistics,Burn,Poor Housekeeping,PPE Enforcement,High,5
31,2023-01-31,Site B,Logistics,None,Lack of PPE,Clean-up,Low,2
291,2023-10-18,Site B,Construction,Fracture,Lack of PPE,Investigation,Low,0
524,2024-06-07,Site C,Logistics,Cut,Other,PPE Enforcement,Medium,4
391,2024-01-26,Site B,Logistics,None,Human Error,Investigation,Medium,5
274,2023-10-01,Site B,Maintenance,Burn,Other,PPE Enforcement,Low,1
570,2024-07-23,Site A,Logistics,Burn,Poor Housekeeping,Equipment Repair,Medium,2
521,2024-06-04,Site A,Maintenance,Cut,Poor Housekeeping,Training,Medium,4
557,2024-07-10,Site A,Logistics,Cut,Human Error,Training,Medium,6
576,2024-07-29,Site A,Maintenance,Cut,Equipment Failure,PPE Enforcement,Medium,2
879,2025-05-28,Site A,Construction,Fracture,Human Error,Training,High,14
38,2023-02-07,Site C,Logistics,Fracture,Lack of PPE,Clean-up,Low,0
844,2025-04-23,Site B,Construction,None,Other,PPE Enforcement,High,9
437,2024-03-12,Site C,Maintenance,None,Lack of PPE,Training,Medium,8
629,2024-09-20,Site A,Logistics,None,Lack of PPE,Equipment Repair,High,9
896,2025-06-14,Site B,Maintenance,Burn,Human Error,PPE Enforcement,High,12
435,2024-03-10,Site B,Logistics,Bruise,Human Error,PPE Enforcement,Medium,4
457,2024-04-01,Site B,Maintenance,None,Poor Housekeeping,Training,Medium,4
791,2025-03-01,Site A,Construction,Bruise,Poor Housekeeping,PPE Enforcement,High,10
96,2023-04-06,Site A,Maintenance,Bruise,Other,PPE Enforcement,Low,1
640,2024-10-01,Site C,Logistics,None,Poor Housekeeping,Investigation,High,6
112,2023-04-22,Site B,Maintenance,Cut,Poor Housekeeping,Training,Low,0
777,2025-02-15,Site C,Logistics,Fracture,Human Error,Investigation,High,7
668,2024-10-29,Site C,Logistics,Fracture,Lack of PPE,Training,High,6
463,2024-04-07,Site A,Logistics,Bruise,Equipment Failure,Equipment Repair,Medium,7
400,2024-02-04,Site C,Logistics,None,Human Error,Training,Medium,3
608,2024-08-30,Site B,Logistics,Bruise,Lack of PPE,PPE Enforcement,High,13
779,2025-02-17,Site C,Logistics,None,Lack of PPE,Clean-up,High,12
680,2024-11-10,Site B,Maintenance,Cut,Poor Housekeeping,PPE Enforcement,High,11
73,2023-03-14,Site B,Logistics,Fracture,Other,Clean-up,Low,1
713,2024-12-13,Site A,Maintenance,None,Lack of PPE,Equipment Repair,High,7
370,2024-01-05,Site C,Construction,None,Other,Investigation,Medium,5
217,2023-08-05,Site B,Construction,None,Poor Housekeeping,Investigation,Low,1
13,2023-01-13,Site A,Construction,Burn,Other,Training,Low,1
47,2023-02-16,Site B,Construction,Burn,Other,PPE Enforcement,Low,0
626,2024-09-17,Site B,Construction,Cut,Poor Housekeeping,Investigation,High,7
476,2024-04-20,Site A,Maintenance,Burn,Poor Housekeeping,Clean-up,Medium,7
561,2024-07-14,Site C,Logistics,Cut,Lack of PPE,Clean-up,Medium,2
730,2024-12-30,Site B,Construction,Bruise,Lack of PPE,Equipment Repair,High,16
19,2023-01-19,Site B,Logistics,Fracture,Other,PPE Enforcement,Low,1
866,2025-05-15,Site C,Logistics,None,Poor Housekeeping,Investigation,High,9
496,2024-05-10,Site B,Maintenance,Fracture,Equipment Failure,Clean-up,Medium,9
708,2024-12-08,Site C,Construction,Cut,Lack of PPE,Investigation,High,15
199,2023-07-18,Site B,Maintenance,Cut,Poor Housekeeping,PPE Enforcement,Low,0
712,2024-12-12,Site B,Construction,Bruise,Poor Housekeeping,PPE Enforcement,High,12
819,2025-03-29,Site C,Construction,Bruise,Lack of PPE,Training,High,9
456,2024-03-31,Site C,Maintenance,Fracture,Poor Housekeeping,Training,Medium,3
733,2025-01-02,Site B,Maintenance,Bruise,Lack of PPE,Equipment Repair,High,8
686,2024-11-16,Site A,Maintenance,Burn,Equipment Failure,PPE Enforcement,High,11
529,2024-06-12,Site B,Maintenance,None,Equipment Failure,Investigation,Medium,7
891,2025-06-09,Site A,Logistics,Bruise,Human Error,PPE Enforcement,High,10
179,2023-06-28,Site A,Maintenance,Burn,Poor Housekeeping,Clean-up,Low,1
705,2024-12-05,Site B,Construction,Bruise,Human Error,Equipment Repair,High,14
412,2024-02-16,Site B,Construction,Fracture,Poor Housekeeping,Investigation,Medium,4
507,2024-05-21,Site A,Maintenance,Fracture,Human Error,Equipment Repair,Medium,3
90,2023-03-31,Site A,Maintenance,None,Equipment Failure,Investigation,Low,2
584,2024-08-06,Site A,Construction,Bruise,Equipment Failure,Investigation,Medium,4
334,2023-11-30,Site C,Maintenance,Cut,Poor Housekeeping,Investigation,Medium,7
374,2024-01-09,Site B,Construction,None,Poor Housekeeping,Equipment Repair,Medium,4
68,2023-03-09,Site B,Logistics,None,Lack of PPE,Clean-up,Low,2
247,2023-09-04,Site C,Construction,Burn,Equipment Failure,Investigation,Low,2
511,2024-05-25,Site C,Construction,Cut,Human Error,Training,Medium,3
159,2023-06-08,Site A,Construction,Burn,Human Error,Equipment Repair,Low,2
115,2023-04-25,Site A,Maintenance,Burn,Poor Housekeeping,Clean-up,Low,2
611,2024-09-02,Site C,Maintenance,Fracture,Human Error,Training,High,16
742,2025-01-11,Site B,Logistics,None,Human Error,Clean-up,High,11
767,2025-02-05,Site C,Construction,None,Lack of PPE,PPE Enforcement,High,6
178,2023-06-27,Site B,Construction,Fracture,Equipment Failure,Clean-up,Low,0
793,2025-03-03,Site A,Construction,None,Human Error,Equipment Repair,High,14
450,2024-03-25,Site A,Logistics,Burn,Lack of PPE,Training,Medium,8
444,2024-03-19,Site A,Logistics,None,Human Error,Training,Medium,5
276,2023-10-03,Site A,Maintenance,Burn,Poor Housekeeping,PPE Enforcement,Low,2
575,2024-07-28,Site B,Logistics,Bruise,Lack of PPE,Clean-up,Medium,5
117,2023-04-27,Site A,Maintenance,Bruise,Poor Housekeeping,Investigation,Low,0
495,2024-05-09,Site B,Maintenance,Burn,Human Error,Training,Medium,3
166,2023-06-15,Site A,Logistics,Burn,Other,Clean-up,Low,1
147,2023-05-27,Site C,Maintenance,Fracture,Equipment Failure,Equipment Repair,Low,0
114,2023-04-24,Site C,Maintenance,Bruise,Human Error,Equipment Repair,Low,0
731,2024-12-31,Site C,Construction,Burn,Other,Clean-up,High,10
714,2024-12-14,Site B,Construction,None,Other,Training,High,7
670,2024-10-31,Site C,Logistics,None,Equipment Failure,Equipment Repair,High,8
409,2024-02-13,Site C,Logistics,Fracture,Poor Housekeeping,Training,Medium,6
53,2023-02-22,Site B,Construction,Cut,Human Error,Equipment Repair,Low,0
15,2023-01-15,Site B,Construction,Burn,Poor Housekeeping,Equipment Repair,Low,0
306,2023-11-02,Site B,Construction,None,Human Error,Investigation,Medium,5
72,2023-03-13,Site B,Construction,Burn,Equipment Failure,Clean-up,Low,1
469,2024-04-13,Site A,Construction,Bruise,Equipment Failure,PPE Enforcement,Medium,4
579,2024-08-01,Site A,Maintenance,Burn,Poor Housekeeping,Clean-up,Medium,6
458,2024-04-02,Site B,Construction,None,Poor Housekeeping,Clean-up,Medium,4
674,2024-11-04,Site B,Maintenance,Fracture,Other,Clean-up,High,11
32,2023-02-01,Site C,Logistics,None,Other,Training,Low,2
194,2023-07-13,Site A,Maintenance,Burn,Equipment Failure,Clean-up,Low,0
565,2024-07-18,Site C,Construction,None,Lack of PPE,Equipment Repair,Medium,3
389,2024-01-24,Site A,Construction,Cut,Lack of PPE,Equipment Repair,Medium,3
242,2023-08-30,Site A,Construction,Fracture,Poor Housekeeping,Investigation,Low,0
763,2025-02-01,Site A,Maintenance,Cut,Other,Investigation,High,13
278,2023-10-05,Site C,Logistics,None,Equipment Failure,Investigation,Low,1
350,2023-12-16,Site C,Logistics,None,Human Error,Clean-up,Medium,6
74,2023-03-15,Site B,Maintenance,None,Human Error,Investigation,Low,1
609,2024-08-31,Site C,Construction,Bruise,Equipment Failure,Clean-up,High,15
620,2024-09-11,Site C,Construction,Bruise,Human Error,Clean-up,High,5
498,2024-05-12,Site A,Maintenance,Cut,Other,Clean-up,Medium,5
265,2023-09-22,Site B,Logistics,Burn,Poor Housekeeping,Investigation,Low,2
493,2024-05-07,Site A,Logistics,None,Poor Housekeeping,PPE Enforcement,Medium,5
378,2024-01-13,Site A,Logistics,Cut,Human Error,Clean-up,Medium,3
54,2023-02-23,Site A,Logistics,Bruise,Equipment Failure,Investigation,Low,1
547,2024-06-30,Site A,Construction,Cut,Poor Housekeeping,Training,Medium,8
132,2023-05-12,Site A,Logistics,Burn,Lack of PPE,Clean-up,Low,1
559,2024-07-12,Site C,Maintenance,Cut,Equipment Failure,PPE Enforcement,Medium,3
478,2024-04-22,Site B,Construction,Cut,Human Error,Investigation,Medium,3
665,2024-10-26,Site B,Construction,Bruise,Equipment Failure,Equipment Repair,High,14
829,2025-04-08,Site B,Maintenance,Cut,Lack of PPE,Investigation,High,10
20,2023-01-20,Site B,Logistics,Fracture,Other,Training,Low,1
30,2023-01-30,Site C,Maintenance,Cut,Other,Training,Low,0
762,2025-01-31,Site A,Construction,Cut,Lack of PPE,Investigation,High,12
197,2023-07-16,Site C,Maintenance,Burn,Other,Training,Low,0
874,2025-05-23,Site C,Construction,Bruise,Equipment Failure,Clean-up,High,12
205,2023-07-24,Site B,Construction,Bruise,Other,Equipment Repair,Low,2
515,2024-05-29,Site A,Construction,Burn,Lack of PPE,Investigation,Medium,5
747,2025-01-16,Site A,Logistics,Cut,Lack of PPE,Training,High,13
81,2023-03-22,Site C,Logistics,Cut,Lack of PPE,PPE Enforcement,Low,2
721,2024-12-21,Site B,Maintenance,Fracture,Lack of PPE,Training,High,11
728,2024-12-28,Site A,Construction,Bruise,Poor Housekeeping,Investigation,High,13
123,2023-05-03,Site B,Logistics,None,Poor Housekeeping,Investigation,Low,0
428,2024-03-03,Site A,Logistics,Fracture,Lack of PPE,Training,Medium,4
99,2023-04-09,Site A,Logistics,None,Other,Training,Low,1
298,2023-10-25,Site B,Maintenance,Burn,Lack of PPE,PPE Enforcement,Low,0
284,2023-10-11,Site B,Maintenance,Burn,Human Error,Clean-up,Low,0
868,2025-05-17,Site C,Maintenance,Fracture,Poor Housekeeping,PPE Enforcement,High,10
398,2024-02-02,Site C,Maintenance,Cut,Human Error,PPE Enforcement,Medium,5
397,2024-02-01,Site B,Maintenance,Bruise,Poor Housekeeping,Clean-up,Medium,7
430,2024-03-05,Site C,Logistics,Burn,Human Error,Investigation,Medium,3
685,2024-11-15,Site A,Maintenance,Burn,Other,Investigation,High,11
145,2023-05-25,Site A,Maintenance,Burn,Poor Housekeeping,Training,Low,2
107,2023-04-17,Site A,Maintenance,Cut,Human Error,Clean-up,Low,0
109,2023-04-19,Site A,Logistics,Cut,Poor Housekeeping,Training,Low,1
664,2024-10-25,Site B,Logistics,Bruise,Other,Investigation,High,11
223,2023-08-11,Site B,Logistics,Burn,Poor Housekeeping,Clean-up,Low,0
682,2024-11-12,Site B,Maintenance,Burn,Other,Equipment Repair,High,9
241,2023-08-29,Site A,Logistics,Bruise,Human Error,PPE Enforcement,Low,0
766,2025-02-04,Site C,Construction,Fracture,Poor Housekeeping,Investigation,High,7
804,2025-03-14,Site B,Maintenance,Burn,Human Error,PPE Enforcement,High,17
607,2024-08-29,Site B,Construction,Cut,Human Error,Investigation,High,7
1,2023-01-01,Site C,Logistics,Cut,Human Error,Equipment Repair,Low,0
746,2025-01-15,Site C,Construction,Cut,Lack of PPE,Equipment Repair,High,13
887,2025-06-05,Site A,Logistics,Bruise,Equipment Failure,Investigation,High,13
644,2024-10-05,Site A,Logistics,Burn,Other,Equipment Repair,High,6
182,2023-07-01,Site C,Construction,Fracture,Human Error,Training,Low,0
266,2023-09-23,Site B,Logistics,Cut,Lack of PPE,Clean-up,Low,2
738,2025-01-07,Site A,Maintenance,None,Poor Housekeeping,PPE Enforcement,High,9
231,2023-08-19,Site C,Maintenance,Burn,Equipment Failure,Investigation,Low,0
354,2023-12-20,Site A,Construction,Cut,Poor Housekeeping,Investigation,Medium,1
33,2023-02-02,Site B,Logistics,Fracture,Equipment Failure,Training,Low,4
549,2024-07-02,Site A,Maintenance,Bruise,Human Error,Equipment Repair,Medium,3
380,2024-01-15,Site C,Maintenance,Cut,Lack of PPE,Investigation,Medium,4
34,2023-02-03,Site B,Logistics,Burn,Poor Housekeeping,Investigation,Low,0
491,2024-05-05,Site B,Construction,None,Human Error,Clean-up,Medium,3
343,2023-12-09,Site C,Construction,Burn,Human Error,Investigation,Medium,6
568,2024-07-21,Site A,Logistics,None,Poor Housekeeping,Equipment Repair,Medium,6
847,2025-04-26,Site C,Maintenance,Burn,Human Error,PPE Enforcement,High,11
317,2023-11-13,Site B,Maintenance,Bruise,Other,Investigation,Medium,6
480,2024-04-24,Site C,Maintenance,Fracture,Other,Training,Medium,4
388,2024-01-23,Site B,Maintenance,Bruise,Human Error,Training,Medium,4
506,2024-05-20,Site A,Logistics,Bruise,Human Error,PPE Enforcement,Medium,2
756,2025-01-25,Site C,Maintenance,Burn,Lack of PPE,Equipment Repair,High,10
277,2023-10-04,Site C,Logistics,Fracture,Poor Housekeeping,Training,Low,0
572,2024-07-25,Site A,Maintenance,Cut,Other,PPE Enforcement,Medium,5
257,2023-09-14,Site B,Logistics,Cut,Lack of PPE,Clean-up,Low,1
540,2024-06-23,Site B,Maintenance,Burn,Equipment Failure,Equipment Repair,Medium,5
556,2024-07-09,Site B,Logistics,None,Other,Clean-up,Medium,5
751,2025-01-20,Site C,Maintenance,None,Poor Housekeeping,Clean-up,High,7
338,2023-12-04,Site B,Logistics,Fracture,Lack of PPE,PPE Enforcement,Medium,2
755,2025-01-24,Site B,Maintenance,Bruise,Human Error,Clean-up,High,8
832,2025-04-11,Site B,Logistics,Burn,Equipment Failure,Training,High,14
101,2023-04-11,Site C,Logistics,Cut,Other,Clean-up,Low,0
563,2024-07-16,Site A,Maintenance,Burn,Equipment Failure,PPE Enforcement,Medium,3
875,2025-05-24,Site C,Maintenance,Bruise,Equipment Failure,Training,High,14
104,2023-04-14,Site A,Logistics,Fracture,Poor Housekeeping,Training,Low,1
748,2025-01-17,Site B,Logistics,Cut,Equipment Failure,Investigation,High,15
859,2025-05-08,Site B,Logistics,Fracture,Equipment Failure,PPE Enforcement,High,8
772,2025-02-10,Site A,Construction,Cut,Poor Housekeeping,Clean-up,High,7
446,2024-03-21,Site A,Logistics,Bruise,Equipment Failure,Equipment Repair,Medium,4
790,2025-02-28,Site B,Construction,Fracture,Other,Equipment Repair,High,11
28,2023-01-28,Site C,Construction,Fracture,Human Error,Clean-up,Low,1
776,2025-02-14,Site B,Construction,Fracture,Human Error,Investigation,High,11
539,2024-06-22,Site B,Maintenance,Fracture,Equipment Failure,Investigation,Medium,1
36,2023-02-05,Site B,Logistics,Burn,Equipment Failure,PPE Enforcement,Low,2
154,2023-06-03,Site C,Construction,Burn,Equipment Failure,Clean-up,Low,0
8,2023-01-08,Site B,Logistics,None,Lack of PPE,PPE Enforcement,Low,1
335,2023-12-01,Site C,Logistics,Burn,Other,PPE Enforcement,Medium,4
245,2023-09-02,Site A,Maintenance,Cut,Human Error,PPE Enforcement,Low,2
420,2024-02-24,Site B,Logistics,None,Lack of PPE,Training,Medium,4
164,2023-06-13,Site B,Logistics,Bruise,Poor Housekeeping,PPE Enforcement,Low,1
14,2023-01-14,Site C,Maintenance,None,Poor Housekeeping,Equipment Repair,Low,1
442,2024-03-17,Site C,Maintenance,Burn,Poor Housekeeping,Equipment Repair,Medium,5
349,2023-12-15,Site A,Construction,Cut,Lack of PPE,Equipment Repair,Medium,7
62,2023-03-03,Site A,Maintenance,Bruise,Poor Housekeeping,Clean-up,Low,1
169,2023-06-18,Site A,Maintenance,None,Equipment Failure,Equipment Repair,Low,1
631,2024-09-22,Site A,Logistics,Burn,Lack of PPE,PPE Enforcement,High,10
831,2025-04-10,Site B,Maintenance,Burn,Human Error,Equipment Repair,High,15
70,2023-03-11,Site A,Maintenance,Fracture,Lack of PPE,PPE Enforcement,Low,1
508,2024-05-22,Site C,Maintenance,Bruise,Other,Clean-up,Medium,2
307,2023-11-03,Site A,Maintenance,Cut,Other,Clean-up,Medium,3
820,2025-03-30,Site C,Construction,Fracture,Lack of PPE,Equipment Repair,High,7
305,2023-11-01,Site A,Logistics,Bruise,Poor Housekeeping,Clean-up,Medium,2
525,2024-06-08,Site A,Construction,Cut,Poor Housekeeping,Training,Medium,5
60,2023-03-01,Site C,Construction,Cut,Lack of PPE,PPE Enforcement,Low,1
9,2023-01-09,Site C,Maintenance,Burn,Lack of PPE,Training,Low,0
191,2023-07-10,Site A,Logistics,Burn,Equipment Failure,Equipment Repair,Low,1
162,2023-06-11,Site C,Maintenance,None,Human Error,Training,Low,2
375,2024-01-10,Site B,Maintenance,Fracture,Human Error,Training,Medium,2
658,2024-10-19,Site C,Construction,Bruise,Other,Training,High,6
502,2024-05-16,Site B,Construction,Cut,Human Error,Investigation,Medium,9
812,2025-03-22,Site B,Logistics,Burn,Human Error,Equipment Repair,High,3
281,2023-10-08,Site C,Logistics,Bruise,Other,Investigation,Low,1
236,2023-08-24,Site B,Construction,Cut,Lack of PPE,Equipment Repair,Low,3
407,2024-02-11,Site A,Maintenance,Burn,Lack of PPE,PPE Enforcement,Medium,3
697,2024-11-27,Site C,Construction,Burn,Human Error,Equipment Repair,High,8
771,2025-02-09,Site B,Construction,None,Human Error,Training,High,12
215,2023-08-03,Site B,Maintenance,Burn,Human Error,Training,Low,1
41,2023-02-10,Site A,Maintenance,Burn,Lack of PPE,Training,Low,4
851,2025-04-30,Site B,Logistics,Burn,Other,Clean-up,High,8
406,2024-02-10,Site C,Logistics,Bruise,Human Error,Training,Medium,2
544,2024-06-27,Site A,Logistics,Bruise,Equipment Failure,Equipment Repair,Medium,2
325,2023-11-21,Site C,Construction,Fracture,Lack of PPE,Investigation,Medium,9
810,2025-03-20,Site B,Logistics,Bruise,Poor Housekeeping,PPE Enforcement,High,9
483,2024-04-27,Site B,Logistics,Cut,Lack of PPE,PPE Enforcement,Medium,7
864,2025-05-13,Site C,Maintenance,Fracture,Equipment Failure,Equipment Repair,High,9
111,2023-04-21,Site C,Maintenance,Burn,Poor Housekeeping,Clean-up,Low,1
188,2023-07-07,Site C,Construction,None,Equipment Failure,Equipment Repair,Low,1
641,2024-10-02,Site A,Construction,Bruise,Human Error,PPE Enforcement,High,8
85,2023-03-26,Site A,Construction,Burn,Lack of PPE,Equipment Repair,Low,2
571,2024-07-24,Site C,Construction,Cut,Lack of PPE,Equipment Repair,Medium,5
578,2024-07-31,Site B,Maintenance,Burn,Human Error,Clean-up,Medium,4
883,2025-06-01,Site A,Logistics,Bruise,Other,Equipment Repair,High,8
201,2023-07-20,Site A,Maintenance,Cut,Equipment Failure,Investigation,Low,0
602,2024-08-24,Site C,Logistics,Burn,Equipment Failure,Training,High,17
651,2024-10-12,Site C,Maintenance,None,Lack of PPE,Equipment Repair,High,10
402,2024-02-06,Site B,Construction,None,Human Error,Investigation,Medium,6
37,2023-02-06,Site C,Maintenance,Fracture,Equipment Failure,PPE Enforcement,Low,3
504,2024-05-18,Site B,Logistics,Fracture,Other,Equipment Repair,Medium,8
799,2025-03-09,Site C,Construction,Bruise,Equipment Failure,Equipment Repair,High,9
505,2024-05-19,Site A,Construction,None,Human Error,PPE Enforcement,Medium,5
768,2025-02-06,Site A,Maintenance,Burn,Poor Housekeeping,Training,High,12
592,2024-08-14,Site C,Logistics,Cut,Lack of PPE,PPE Enforcement,Medium,3
581,2024-08-03,Site A,Construction,None,Lack of PPE,Clean-up,Medium,6
381,2024-01-16,Site B,Maintenance,Cut,Lack of PPE,Investigation,Medium,5
328,2023-11-24,Site B,Construction,Bruise,Other,Training,Medium,5
214,2023-08-02,Site A,Logistics,None,Other,Training,Low,0
192,2023-07-11,Site B,Maintenance,None,Human Error,Investigation,Low,0
337,2023-12-03,Site A,Maintenance,Cut,Equipment Failure,Investigation,Medium,11
654,2024-10-15,Site C,Maintenance,None,Equipment Failure,Investigation,High,9
574,2024-07-27,Site A,Construction,Burn,Other,Investigation,Medium,6
211,2023-07-30,Site A,Construction,Fracture,Poor Housekeeping,Investigation,Low,2
487,2024-05-01,Site B,Construction,Fracture,Human Error,PPE Enforcement,Medium,6
843,2025-04-22,Site C,Logistics,Bruise,Lack of PPE,Investigation,High,12
587,2024-08-09,Site C,Logistics,Cut,Human Error,PPE Enforcement,Medium,2
464,2024-04-08,Site A,Maintenance,Bruise,Equipment Failure,Clean-up,Medium,11
7,2023-01-07,Site C,Maintenance,Bruise,Lack of PPE,Investigation,Low,1
239,2023-08-27,Site C,Construction,Cut,Poor Housekeeping,PPE Enforcement,Low,0
48,2023-02-17,Site A,Logistics,Fracture,Poor Housekeeping,Clean-up,Low,0
167,2023-06-16,Site B,Construction,None,Human Error,Equipment Repair,Low,5
299,2023-10-26,Site B,Logistics,None,Poor Housekeeping,Training,Low,0
700,2024-11-30,Site B,Construction,None,Other,PPE Enforcement,High,10
150,2023-05-30,Site A,Maintenance,Bruise,Human Error,Investigation,Low,1
105,2023-04-15,Site C,Construction,Fracture,Equipment Failure,Clean-up,Low,0
813,2025-03-23,Site B,Maintenance,Burn,Poor Housekeeping,Training,High,17
168,2023-06-17,Site A,Construction,None,Human Error,Training,Low,0
667,2024-10-28,Site A,Maintenance,Bruise,Other,Equipment Repair,High,13
711,2024-12-11,Site B,Construction,Bruise,Lack of PPE,Equipment Repair,High,10
110,2023-04-20,Site B,Logistics,Burn,Human Error,Clean-up,Low,2
534,2024-06-17,Site C,Maintenance,None,Lack of PPE,Investigation,Medium,3
393,2024-01-28,Site A,Maintenance,Bruise,Lack of PPE,PPE Enforcement,Medium,5
695,2024-11-25,Site A,Logistics,Fracture,Lack of PPE,PPE Enforcement,High,11
308,2023-11-04,Site C,Construction,Fracture,Equipment Failure,Investigation,Medium,1
603,2024-08-25,Site A,Construction,None,Lack of PPE,Equipment Repair,High,7
130,2023-05-10,Site B,Construction,Bruise,Other,PPE Enforcement,Low,1
648,2024-10-09,Site A,Construction,Burn,Other,PPE Enforcement,High,7
630,2024-09-21,Site B,Maintenance,Cut,Lack of PPE,Equipment Repair,High,7
623,2024-09-14,Site B,Logistics,Burn,Lack of PPE,Equipment Repair,High,5
385,2024-01-20,Site C,Construction,Fracture,Poor Housekeeping,Training,Medium,7
371,2024-01-06,Site B,Construction,Cut,Lack of PPE,Equipment Repair,Medium,7
26,2023-01-26,Site A,Maintenance,Burn,Other,Investigation,Low,2
638,2024-09-29,Site A,Logistics,Cut,Poor Housekeeping,Clean-up,High,10
426,2024-03-01,Site C,Maintenance,None,Poor Housekeeping,Clean-up,Medium,8
416,2024-02-20,Site A,Logistics,Burn,Human Error,Equipment Repair,Medium,2
554,2024-07-07,Site A,Construction,None,Human Error,Equipment Repair,Medium,2
431,2024-03-06,Site C,Logistics,Fracture,Other,Investigation,Medium,8
187,2023-07-06,Site C,Construction,Cut,Human Error,Training,Low,0
619,2024-09-10,Site B,Maintenance,Fracture,Other,Training,High,10
743,2025-01-12,Site C,Maintenance,Cut,Equipment Failure,Clean-up,High,7
285,2023-10-12,Site A,Maintenance,Bruise,Poor Housekeeping,Training,Low,0
42,2023-02-11,Site C,Maintenance,Burn,Human Error,Investigation,Low,4
842,2025-04-21,Site A,Construction,Cut,Lack of PPE,PPE Enforcement,High,12
566,2024-07-19,Site B,Maintenance,Burn,Human Error,Training,Medium,4
761,2025-01-30,Site A,Construction,Fracture,Human Error,Training,High,10
541,2024-06-24,Site B,Maintenance,None,Poor Housekeeping,Equipment Repair,Medium,10
163,2023-06-12,Site B,Logistics,Fracture,Other,Training,Low,1
497,2024-05-11,Site B,Logistics,Bruise,Other,Clean-up,Medium,4
659,2024-10-20,Site C,Maintenance,Burn,Other,Training,High,12
618,2024-09-09,Site C,Maintenance,Bruise,Poor Housekeeping,Training,High,8
336,2023-12-02,Site A,Maintenance,Cut,Equipment Failure,PPE Enforcement,Medium,3
773,2025-02-11,Site A,Logistics,Fracture,Other,PPE Enforcement,High,9
438,2024-03-13,Site A,Logistics,Burn,Human Error,Training,Medium,3
208,2023-07-27,Site C,Logistics,Bruise,Poor Housekeeping,PPE Enforcement,Low,0
461,2024-04-05,Site A,Logistics,Bruise,Lack of PPE,Training,Medium,5
828,2025-04-07,Site B,Logistics,Bruise,Lack of PPE,Training,High,15
24,2023-01-24,Site B,Maintenance,Bruise,Poor Housekeeping,PPE Enforcement,Low,0
453,2024-03-28,Site B,Construction,Burn,Other,Clean-up,Medium,2
826,2025-04-05,Site C,Maintenance,Fracture,Other,Investigation,High,8
741,2025-01-10,Site B,Maintenance,Bruise,Poor Housekeeping,Training,High,9
382,2024-01-17,Site C,Construction,Fracture,Equipment Failure,Training,Medium,4
286,2023-10-13,Site C,Construction,None,Human Error,PPE Enforcement,Low,0
82,2023-03-23,Site A,Construction,Cut,Human Error,Investigation,Low,0
404,2024-02-08,Site C,Logistics,Burn,Other,Equipment Repair,Medium,4
802,2025-03-12,Site B,Construction,Cut,Human Error,PPE Enforcement,High,11
765,2025-02-03,Site A,Maintenance,None,Equipment Failure,PPE Enforcement,High,8
88,2023-03-29,Site A,Maintenance,Burn,Other,Investigation,Low,0
775,2025-02-13,Site A,Construction,None,Human Error,Training,High,12
471,2024-04-15,Site C,Maintenance,None,Other,PPE Enforcement,Medium,6
760,2025-01-29,Site C,Maintenance,Bruise,Equipment Failure,Training,High,15
148,2023-05-28,Site C,Construction,Burn,Equipment Failure,Equipment Repair,Low,1
858,2025-05-07,Site A,Logistics,Burn,Equipment Failure,Clean-up,High,14
467,2024-04-11,Site A,Logistics,Bruise,Human Error,Training,Medium,4
376,2024-01-11,Site B,Logistics,Burn,Human Error,Training,Medium,6
801,2025-03-11,Site B,Logistics,Fracture,Lack of PPE,PPE Enforcement,High,5
65,2023-03-06,Site B,Construction,Burn,Human Error,Investigation,Low,2
395,2024-01-30,Site A,Maintenance,None,Other,Clean-up,Medium,5
133,2023-05-13,Site A,Construction,Cut,Poor Housekeeping,Investigation,Low,1
684,2024-11-14,Site A,Logistics,None,Human Error,Training,High,15
43,2023-02-12,Site C,Maintenance,None,Lack of PPE,Clean-up,Low,1
84,2023-03-25,Site A,Construction,Burn,Human Error,Training,Low,2
732,2025-01-01,Site A,Logistics,Burn,Equipment Failure,Investigation,High,13
655,2024-10-16,Site C,Logistics,Burn,Lack of PPE,Training,High,10
372,2024-01-07,Site C,Logistics,Burn,Lack of PPE,Clean-up,Medium,2
854,2025-05-03,Site A,Construction,Bruise,Lack of PPE,Investigation,High,12
71,2023-03-12,Site C,Logistics,Bruise,Human Error,Clean-up,Low,0
562,2024-07-15,Site B,Maintenance,Burn,Other,PPE Enforcement,Medium,7
675,2024-11-05,Site A,Construction,None,Other,PPE Enforcement,High,10
422,2024-02-26,Site A,Logistics,Fracture,Equipment Failure,PPE Enforcement,Medium,4
837,2025-04-16,Site C,Logistics,None,Equipment Failure,Training,High,13
759,2025-01-28,Site C,Construction,Fracture,Lack of PPE,Equipment Repair,High,10
621,2024-09-12,Site A,Maintenance,Fracture,Human Error,PPE Enforcement,High,9
673,2024-11-03,Site A,Construction,Cut,Human Error,PPE Enforcement,High,8
726,2024-12-26,Site A,Maintenance,Burn,Human Error,Investigation,High,7
855,2025-05-04,Site A,Maintenance,Bruise,Human Error,Training,High,4
198,2023-07-17,Site C,Construction,Bruise,Poor Housekeeping,Equipment Repair,Low,0
415,2024-02-19,Site B,Maintenance,Cut,Other,PPE Enforcement,Medium,4
271,2023-09-28,Site A,Construction,None,Other,Equipment Repair,Low,0
230,2023-08-18,Site C,Construction,Cut,Lack of PPE,PPE Enforcement,Low,0
386,2024-01-21,Site B,Maintenance,Fracture,Poor Housekeeping,Clean-up,Medium,9
650,2024-10-11,Site C,Logistics,Burn,Equipment Failure,Training,High,4
287,2023-10-14,Site A,Construction,Cut,Poor Housekeeping,Equipment Repair,Low,1
798,2025-03-08,Site B,Logistics,Cut,Equipment Failure,Training,High,7
184,2023-07-03,Site A,Maintenance,None,Human Error,Clean-up,Low,0
314,2023-11-10,Site B,Construction,Bruise,Poor Housekeeping,Training,Medium,2
425,2024-02-29,Site A,Construction,Burn,Other,Training,Medium,4
146,2023-05-26,Site C,Maintenance,Fracture,Other,Investigation,Low,1
694,2024-11-24,Site C,Logistics,None,Other,Equipment Repair,High,14
564,2024-07-17,Site C,Construction,Fracture,Equipment Failure,Equipment Repair,Medium,7
292,2023-10-19,Site A,Logistics,None,Other,Training,Low,2
758,2025-01-27,Site B,Maintenance,Burn,Human Error,Equipment Repair,High,12
551,2024-07-04,Site A,Construction,Burn,Poor Housekeeping,Clean-up,Medium,4
170,2023-06-19,Site B,Maintenance,Fracture,Other,Training,Low,1
268,2023-09-25,Site C,Maintenance,None,Poor Housekeeping,Equipment Repair,Low,3
548,2024-07-01,Site B,Logistics,Fracture,Poor Housekeeping,Equipment Repair,Medium,2
302,2023-10-29,Site A,Construction,Fracture,Lack of PPE,Training,Medium,4
316,2023-11-12,Site B,Logistics,Burn,Human Error,Equipment Repair,Medium,8
754,2025-01-23,Site A,Construction,Bruise,Lack of PPE,Investigation,High,12
106,2023-04-16,Site C,Logistics,Cut,Lack of PPE,Equipment Repair,Low,1
246,2023-09-03,Site C,Maintenance,Burn,Equipment Failure,PPE Enforcement,Low,3
253,2023-09-10,Site C,Construction,None,Other,Training,Low,2
176,2023-06-25,Site A,Logistics,Cut,Other,Investigation,Low,1
51,2023-02-20,Site B,Logistics,Fracture,Poor Housekeeping,Training,Low,0
797,2025-03-07,Site A,Logistics,Cut,Lack of PPE,Equipment Repair,High,5
125,2023-05-05,Site C,Construction,Bruise,Equipment Failure,Training,Low,0
600,2024-08-22,Site A,Construction,Fracture,Poor Housekeeping,PPE Enforcement,Medium,6
22,2023-01-22,Site A,Maintenance,Bruise,Equipment Failure,Investigation,Low,3
434,2024-03-09,Site B,Maintenance,Bruise,Other,Training,Medium,9
390,2024-01-25,Site A,Maintenance,Fracture,Poor Housekeeping,Investigation,Medium,4
321,2023-11-17,Site A,Construction,None,Human Error,PPE Enforcement,Medium,1
134,2023-05-14,Site B,Maintenance,Fracture,Equipment Failure,Clean-up,Low,3
249,2023-09-06,Site B,Maintenance,Fracture,Poor Housekeeping,Equipment Repair,Low,1
186,2023-07-05,Site A,Logistics,Burn,Equipment Failure,Training,Low,2
155,2023-06-04,Site A,Logistics,Bruise,Other,Equipment Repair,Low,0
899,2025-06-17,Site B,Construction,Bruise,Human Error,PPE Enforcement,High,8
555,2024-07-08,Site A,Logistics,None,Equipment Failure,Equipment Repair,Medium,6
216,2023-08-04,Site B,Maintenance,Fracture,Equipment Failure,PPE Enforcement,Low,4
356,2023-12-22,Site C,Logistics,Burn,Human Error,PPE Enforcement,Medium,5
454,2024-03-29,Site B,Logistics,None,Lack of PPE,Investigation,Medium,8
769,2025-02-07,Site A,Logistics,Cut,Other,Investigation,High,15
330,2023-11-26,Site C,Construction,Bruise,Lack of PPE,Investigation,Medium,3
699,2024-11-29,Site A,Construction,None,Poor Housekeeping,Equipment Repair,High,9
633,2024-09-24,Site C,Logistics,None,Human Error,PPE Enforcement,High,15
203,2023-07-22,Site A,Construction,Bruise,Lack of PPE,Investigation,Low,0
448,2024-03-23,Site C,Logistics,Bruise,Other,Training,Medium,7
57,2023-02-26,Site C,Maintenance,None,Lack of PPE,Equipment Repair,Low,2
341,2023-12-07,Site A,Maintenance,Cut,Poor Housekeeping,PPE Enforcement,Medium,3
873,2025-05-22,Site A,Maintenance,None,Equipment Failure,Equipment Repair,High,3
739,2025-01-08,Site B,Logistics,Bruise,Other,Clean-up,High,3
477,2024-04-21,Site A,Maintenance,Bruise,Equipment Failure,PPE Enforcement,Medium,9
156,2023-06-05,Site C,Construction,Fracture,Lack of PPE,Training,Low,5
816,2025-03-26,Site A,Maintenance,None,Human Error,Equipment Repair,High,10
462,2024-04-06,Site A,Maintenance,Cut,Poor Housekeeping,PPE Enforcement,Medium,6
560,2024-07-13,Site A,Logistics,Burn,Lack of PPE,Training,Medium,3
606,2024-08-28,Site A,Maintenance,Burn,Poor Housekeeping,PPE Enforcement,High,10
369,2024-01-04,Site B,Logistics,Cut,Poor Housekeeping,Equipment Repair,Medium,7
319,2023-11-15,Site B,Logistics,Cut,Poor Housekeeping,Clean-up,Medium,6
753,2025-01-22,Site C,Logistics,Bruise,Poor Housekeeping,Investigation,High,5
152,2023-06-01,Site A,Construction,Fracture,Equipment Failure,Clean-up,Low,0
384,2024-01-19,Site B,Construction,Bruise,Human Error,Investigation,Medium,4
377,2024-01-12,Site A,Logistics,None,Equipment Failure,Investigation,Medium,3
411,2024-02-15,Site A,Maintenance,None,Poor Housekeeping,Clean-up,Medium,5
885,2025-06-03,Site B,Logistics,Fracture,Equipment Failure,Investigation,High,7
289,2023-10-16,Site B,Logistics,None,Equipment Failure,Training,Low,0
141,2023-05-21,Site C,Construction,Bruise,Human Error,PPE Enforcement,Low,2
91,2023-04-01,Site A,Maintenance,Bruise,Lack of PPE,Investigation,Low,0
890,2025-06-08,Site B,Maintenance,Fracture,Poor Housekeeping,Investigation,High,9
898,2025-06-16,Site B,Logistics,Bruise,Lack of PPE,Clean-up,High,11
662,2024-10-23,Site A,Construction,None,Equipment Failure,Equipment Repair,High,9
202,2023-07-21,Site B,Logistics,Burn,Lack of PPE,Equipment Repair,Low,2
782,2025-02-20,Site A,Maintenance,Bruise,Other,Investigation,High,13
735,2025-01-04,Site C,Construction,Cut,Poor Housekeeping,Investigation,High,9
79,2023-03-20,Site C,Maintenance,Fracture,Lack of PPE,Clean-up,Low,0
66,2023-03-07,Site B,Maintenance,Cut,Poor Housekeeping,Equipment Repair,Low,1
803,2025-03-13,Site B,Maintenance,Burn,Poor Housekeeping,Clean-up,High,15
275,2023-10-02,Site A,Maintenance,Burn,Equipment Failure,Investigation,Low,0
473,2024-04-17,Site C,Maintenance,Bruise,Equipment Failure,Training,Medium,0
387,2024-01-22,Site C,Logistics,Bruise,Other,Investigation,Medium,3
805,2025-03-15,Site B,Construction,Cut,Other,Investigation,High,10
520,2024-06-03,Site C,Construction,None,Lack of PPE,Investigation,Medium,4
413,2024-02-17,Site B,Logistics,None,Equipment Failure,Investigation,Medium,5
745,2025-01-14,Site A,Maintenance,Cut,Human Error,PPE Enforcement,High,10
632,2024-09-23,Site B,Construction,Cut,Lack of PPE,Equipment Repair,High,7
144,2023-05-24,Site B,Construction,Burn,Lack of PPE,Investigation,Low,2
46,2023-02-15,Site C,Logistics,Fracture,Equipment Failure,Equipment Repair,Low,3
149,2023-05-29,Site A,Logistics,Burn,Poor Housekeeping,Clean-up,Low,2
872,2025-05-21,Site B,Logistics,Cut,Poor Housekeeping,PPE Enforcement,High,10
56,2023-02-25,Site C,Maintenance,Bruise,Human Error,Clean-up,Low,1
270,2023-09-27,Site A,Logistics,Burn,Human Error,Investigation,Low,0
161,2023-06-10,Site C,Logistics,Cut,Lack of PPE,Clean-up,Low,1
468,2024-04-12,Site B,Construction,Cut,Human Error,PPE Enforcement,Medium,5
679,2024-11-09,Site A,Construction,Burn,Other,Training,High,4
666,2024-10-27,Site B,Logistics,Cut,Poor Housekeeping,PPE Enforcement,High,9
601,2024-08-23,Site A,Logistics,Fracture,Poor Housekeeping,Equipment Repair,High,12
485,2024-04-29,Site A,Maintenance,None,Other,Training,Medium,8
895,2025-06-13,Site B,Construction,Burn,Human Error,Clean-up,High,14
717,2024-12-17,Site B,Maintenance,None,Poor Housekeeping,Investigation,High,11
661,2024-10-22,Site C,Logistics,Fracture,Other,PPE Enforcement,High,10
500,2024-05-14,Site C,Maintenance,None,Equipment Failure,PPE Enforcement,Medium,5
6,2023-01-06,Site A,Construction,Bruise,Poor Housekeeping,PPE Enforcement,Low,0
833,2025-04-12,Site B,Construction,None,Equipment Failure,PPE Enforcement,High,12
503,2024-05-17,Site C,Maintenance,Bruise,Human Error,PPE Enforcement,Medium,5
514,2024-05-28,Site A,Construction,Fracture,Lack of PPE,PPE Enforcement,Medium,6
757,2025-01-26,Site A,Logistics,None,Lack of PPE,Training,High,12
509,2024-05-23,Site B,Construction,None,Lack of PPE,Clean-up,Medium,5
598,2024-08-20,Site A,Maintenance,Burn,Other,Clean-up,Medium,7
861,2025-05-10,Site B,Maintenance,Fracture,Poor Housekeeping,Investigation,High,9
836,2025-04-15,Site C,Maintenance,Cut,Equipment Failure,Investigation,High,14
439,2024-03-14,Site C,Construction,Bruise,Equipment Failure,Equipment Repair,Medium,2
401,2024-02-05,Site B,Logistics,Bruise,Poor Housekeeping,Investigation,Medium,3
475,2024-04-19,Site B,Logistics,Burn,Lack of PPE,Investigation,Medium,4
718,2024-12-18,Site A,Maintenance,None,Equipment Failure,PPE Enforcement,High,18
466,2024-04-10,Site C,Logistics,None,Human Error,Equipment Repair,Medium,7
707,2024-12-07,Site C,Maintenance,None,Other,PPE Enforcement,High,6
52,2023-02-21,Site A,Construction,Fracture,Human Error,Investigation,Low,2
340,2023-12-06,Site B,Logistics,None,Human Error,Equipment Repair,Medium,11
333,2023-11-29,Site A,Construction,Fracture,Human Error,Clean-up,Medium,2
449,2024-03-24,Site C,Construction,Burn,Other,Investigation,Medium,3
481,2024-04-25,Site A,Logistics,Burn,Other,Training,Medium,3
139,2023-05-19,Site C,Logistics,Cut,Poor Housekeeping,Training,Low,1
92,2023-04-02,Site A,Logistics,Fracture,Equipment Failure,Equipment Repair,Low,1
10,2023-01-10,Site C,Logistics,Burn,Other,Clean-up,Low,2
530,2024-06-13,Site A,Construction,Cut,Poor Housekeeping,PPE Enforcement,Medium,8
627,2024-09-18,Site C,Construction,Bruise,Equipment Failure,Equipment Repair,High,6
193,2023-07-12,Site A,Maintenance,Burn,Equipment Failure,Clean-up,Low,0
127,2023-05-07,Site C,Maintenance,Bruise,Other,Clean-up,Low,0
737,2025-01-06,Site C,Logistics,Burn,Lack of PPE,PPE Enforcement,High,8
153,2023-06-02,Site C,Maintenance,Cut,Other,Equipment Repair,Low,1
800,2025-03-10,Site C,Construction,Bruise,Human Error,Clean-up,High,7
604,2024-08-26,Site C,Construction,Burn,Lack of PPE,Investigation,High,13
774,2025-02-12,Site C,Maintenance,Cut,Human Error,Training,High,14
165,2023-06-14,Site B,Maintenance,Fracture,Human Error,Equipment Repair,Low,1
625,2024-09-16,Site A,Maintenance,Bruise,Equipment Failure,Training,High,9
770,2025-02-08,Site C,Logistics,None,Lack of PPE,Equipment Repair,High,9
698,2024-11-28,Site A,Maintenance,None,Other,Investigation,High,20
324,2023-11-20,Site C,Construction,Bruise,Equipment Failure,Training,Medium,3
788,2025-02-26,Site B,Construction,Burn,Equipment Failure,Training,High,4
795,2025-03-05,Site B,Logistics,Burn,Human Error,PPE Enforcement,High,8
669,2024-10-30,Site A,Logistics,Bruise,Poor Housekeeping,PPE Enforcement,High,8
363,2023-12-29,Site B,Logistics,None,Human Error,Investigation,Medium,3
326,2023-11-22,Site B,Maintenance,Bruise,Human Error,Equipment Repair,Medium,2
615,2024-09-06,Site C,Construction,Cut,Equipment Failure,Training,High,7
583,2024-08-05,Site C,Construction,Cut,Other,Equipment Repair,Medium,6
538,2024-06-21,Site B,Construction,Bruise,Equipment Failure,Clean-up,Medium,4
573,2024-07-26,Site C,Logistics,None,Equipment Failure,PPE Enforcement,Medium,4
715,2024-12-15,Site B,Logistics,None,Human Error,Investigation,High,19
510,2024-05-24,Site A,Maintenance,Cut,Lack of PPE,Training,Medium,3
297,2023-10-24,Site B,Construction,Bruise,Equipment Failure,PPE Enforcement,Low,1
806,2025-03-16,Site C,Logistics,Cut,Human Error,Training,High,10
77,2023-03-18,Site B,Maintenance,Burn,Equipment Failure,Clean-up,Low,4
614,2024-09-05,Site C,Construction,Burn,Human Error,Training,High,7
531,2024-06-14,Site C,Construction,Burn,Equipment Failure,Equipment Repair,Medium,3
636,2024-09-27,Site A,Maintenance,Fracture,Equipment Failure,Investigation,High,5
405,2024-02-09,Site B,Logistics,Fracture,Lack of PPE,Investigation,Medium,2
593,2024-08-15,Site B,Maintenance,Cut,Equipment Failure,Clean-up,Medium,9
589,2024-08-11,Site C,Construction,Bruise,Human Error,Training,Medium,5
423,2024-02-27,Site A,Logistics,Bruise,Other,Equipment Repair,Medium,3
16,2023-01-16,Site A,Construction,None,Equipment Failure,Investigation,Low,1
706,2024-12-06,Site B,Maintenance,Bruise,Poor Housekeeping,Clean-up,High,12
29,2023-01-29,Site C,Maintenance,None,Poor Housekeeping,PPE Enforcement,Low,2
196,2023-07-15,Site B,Construction,Burn,Lack of PPE,PPE Enforcement,Low,4
546,2024-06-29,Site B,Logistics,Bruise,Lack of PPE,Equipment Repair,Medium,9
75,2023-03-16,Site B,Construction,Burn,Poor Housekeeping,Clean-up,Low,0
313,2023-11-09,Site C,Logistics,Burn,Other,Equipment Repair,Medium,3
527,2024-06-10,Site C,Maintenance,Cut,Human Error,Training,Medium,3
359,2023-12-25,Site B,Maintenance,Burn,Poor Housekeeping,PPE Enforcement,Medium,3
543,2024-06-26,Site C,Maintenance,Fracture,Poor Housekeeping,Training,Medium,9
865,2025-05-14,Site C,Logistics,None,Poor Housekeeping,Training,High,6
888,2025-06-06,Site B,Maintenance,None,Human Error,PPE Enforcement,High,15
671,2024-11-01,Site A,Logistics,Cut,Poor Housekeeping,Equipment Repair,High,18
455,2024-03-30,Site A,Construction,Bruise,Poor Housekeeping,PPE Enforcement,Medium,9
863,2025-05-12,Site C,Construction,None,Equipment Failure,PPE Enforcement,High,11
839,2025-04-18,Site B,Logistics,Bruise,Other,Training,High,9
353,2023-12-19,Site C,Construction,None,Poor Housekeeping,Investigation,Medium,7
80,2023-03-21,Site B,Logistics,Burn,Other,PPE Enforcement,Low,1
344,2023-12-10,Site A,Logistics,Bruise,Lack of PPE,Clean-up,Medium,4
229,2023-08-17,Site C,Construction,None,Human Error,Clean-up,Low,1
595,2024-08-17,Site A,Logistics,Fracture,Lack of PPE,Clean-up,Medium,3
535,2024-06-18,Site A,Construction,Burn,Other,Clean-up,Medium,3
653,2024-10-14,Site B,Logistics,Bruise,Lack of PPE,Clean-up,High,7
441,2024-03-16,Site B,Construction,Fracture,Other,Training,Medium,7
220,2023-08-08,Site A,Logistics,Cut,Equipment Failure,Clean-up,Low,1
740,2025-01-09,Site B,Logistics,None,Human Error,Investigation,High,9
452,2024-03-27,Site A,Logistics,Cut,Human Error,Clean-up,Medium,5
447,2024-03-22,Site B,Maintenance,None,Poor Housekeeping,PPE Enforcement,Medium,5
35,2023-02-04,Site C,Logistics,Bruise,Poor Housekeeping,Clean-up,Low,1
12,2023-01-12,Site C,Construction,Fracture,Poor Housekeeping,Investigation,Low,1
329,2023-11-25,Site A,Maintenance,Cut,Poor Housekeeping,Equipment Repair,Medium,4
11,2023-01-11,Site C,Logistics,Fracture,Equipment Failure,PPE Enforcement,Low,0
792,2025-03-02,Site C,Maintenance,None,Equipment Failure,Equipment Repair,High,9
225,2023-08-13,Site A,Logistics,Burn,Equipment Failure,Clean-up,Low,2
327,2023-11-23,Site A,Construction,Bruise,Human Error,Training,Medium,3
94,2023-04-04,Site C,Logistics,Cut,Other,Clean-up,Low,2
605,2024-08-27,Site A,Construction,Bruise,Poor Housekeeping,PPE Enforcement,High,11
209,2023-07-28,Site A,Construction,Burn,Poor Housekeeping,Investigation,Low,2
234,2023-08-22,Site B,Construction,Burn,Other,PPE Enforcement,Low,3
639,2024-09-30,Site B,Maintenance,None,Human Error,Clean-up,High,8
537,2024-06-20,Site A,Maintenance,None,Poor Housekeeping,Investigation,Medium,4
311,2023-11-07,Site A,Maintenance,Burn,Poor Housekeeping,Clean-up,Medium,4
536,2024-06-19,Site B,Construction,Fracture,Human Error,PPE Enforcement,Medium,3
628,2024-09-19,Site B,Maintenance,Cut,Poor Housekeeping,Training,High,10
293,2023-10-20,Site C,Maintenance,Cut,Poor Housekeeping,PPE Enforcement,Low,0
789,2025-02-27,Site A,Logistics,Fracture,Equipment Failure,PPE Enforcement,High,7
676,2024-11-06,Site C,Construction,Cut,Lack of PPE,Investigation,High,12
49,2023-02-18,Site B,Construction,Cut,Lack of PPE,Training,Low,0
129,2023-05-09,Site C,Logistics,Bruise,Human Error,Clean-up,Low,1
823,2025-04-02,Site B,Construction,Bruise,Other,Training,High,7
138,2023-05-18,Site C,Maintenance,Cut,Other,Training,Low,0
749,2025-01-18,Site A,Construction,Bruise,Poor Housekeeping,Investigation,High,10
396,2024-01-31,Site B,Construction,None,Other,Clean-up,Medium,5
689,2024-11-19,Site B,Logistics,Burn,Lack of PPE,Clean-up,High,10
880,2025-05-29,Site B,Logistics,Cut,Human Error,Training,High,15
295,2023-10-22,Site A,Logistics,Fracture,Human Error,Clean-up,Low,1
683,2024-11-13,Site B,Logistics,Cut,Human Error,Training,High,8
692,2024-11-22,Site A,Maintenance,None,Equipment Failure,Investigation,High,16
240,2023-08-28,Site C,Logistics,Burn,Poor Housekeeping,Investigation,Low,1
200,2023-07-19,Site A,Logistics,Fracture,Lack of PPE,Equipment Repair,Low,1
784,2025-02-22,Site B,Logistics,Fracture,Equipment Failure,Investigation,High,12
262,2023-09-19,Site B,Construction,Cut,Poor Housekeeping,Investigation,Low,2
303,2023-10-30,Site A,Maintenance,Bruise,Equipment Failure,Equipment Repair,Medium,7
83,2023-03-24,Site B,Maintenance,Burn,Other,Training,Low,2
320,2023-11-16,Site B,Logistics,None,Equipment Failure,Equipment Repair,Medium,5
499,2024-05-13,Site B,Maintenance,None,Human Error,Equipment Repair,Medium,4
181,2023-06-30,Site A,Logistics,Fracture,Lack of PPE,PPE Enforcement,Low,0
594,2024-08-16,Site C,Construction,Fracture,Poor Housekeeping,PPE Enforcement,Medium,6
323,2023-11-19,Site B,Construction,Cut,Equipment Failure,Training,Medium,3
787,2025-02-25,Site A,Construction,Fracture,Lack of PPE,Training,High,16
552,2024-07-05,Site A,Logistics,Bruise,Equipment Failure,Training,Medium,2
213,2023-08-01,Site C,Logistics,Bruise,Lack of PPE,Clean-up,Low,0
204,2023-07-23,Site B,Maintenance,None,Human Error,Investigation,Low,0
744,2025-01-13,Site A,Construction,Cut,Poor Housekeeping,Clean-up,High,9
657,2024-10-18,Site B,Logistics,Fracture,Lack of PPE,Clean-up,High,3
357,2023-12-23,Site A,Logistics,Bruise,Human Error,Clean-up,Medium,15
290,2023-10-17,Site C,Construction,None,Other,Training,Low,1
687,2024-11-17,Site C,Maintenance,None,Other,Training,High,7
702,2024-12-02,Site C,Construction,Fracture,Lack of PPE,Clean-up,High,11
489,2024-05-03,Site C,Construction,Bruise,Other,PPE Enforcement,Medium,5
379,2024-01-14,Site A,Logistics,Cut,Lack of PPE,Investigation,Medium,4
838,2025-04-17,Site C,Construction,Fracture,Equipment Failure,Training,High,4
267,2023-09-24,Site C,Logistics,Fracture,Human Error,Clean-up,Low,0
672,2024-11-02,Site C,Construction,Fracture,Human Error,Equipment Repair,High,12
703,2024-12-03,Site A,Construction,None,Poor Housekeeping,Equipment Repair,High,9
228,2023-08-16,Site C,Logistics,None,Poor Housekeeping,Training,Low,0
177,2023-06-26,Site C,Logistics,Fracture,Other,Investigation,Low,0
315,2023-11-11,Site C,Construction,Bruise,Equipment Failure,Equipment Repair,Medium,3
830,2025-04-09,Site B,Logistics,Bruise,Equipment Failure,Investigation,High,7
443,2024-03-18,Site B,Logistics,Bruise,Poor Housekeeping,Investigation,Medium,6
219,2023-08-07,Site A,Logistics,None,Human Error,PPE Enforcement,Low,2
108,2023-04-18,Site C,Maintenance,Burn,Human Error,Equipment Repair,Low,0
45,2023-02-14,Site A,Logistics,None,Poor Housekeeping,PPE Enforcement,Low,0
512,2024-05-26,Site B,Maintenance,Fracture,Other,Clean-up,Medium,6
852,2025-05-01,Site A,Construction,None,Lack of PPE,Training,High,11
867,2025-05-16,Site A,Maintenance,Cut,Other,PPE Enforcement,High,8
394,2024-01-29,Site A,Maintenance,Burn,Poor Housekeeping,PPE Enforcement,Medium,10
827,2025-04-06,Site C,Construction,Burn,Other,Equipment Repair,High,9
785,2025-02-23,Site C,Logistics,Burn,Other,Clean-up,High,12
158,2023-06-07,Site A,Construction,Burn,Other,Clean-up,Low,2
876,2025-05-25,Site C,Logistics,Cut,Lack of PPE,Clean-up,High,11
128,2023-05-08,Site A,Maintenance,Bruise,Poor Housekeeping,Training,Low,3
44,2023-02-13,Site A,Logistics,None,Other,Training,Low,0
113,2023-04-23,Site A,Construction,Bruise,Poor Housekeeping,Clean-up,Low,2
418,2024-02-22,Site B,Construction,Fracture,Human Error,PPE Enforcement,Medium,3
212,2023-07-31,Site A,Construction,Fracture,Poor Housekeeping,PPE Enforcement,Low,1
643,2024-10-04,Site B,Construction,Bruise,Equipment Failure,PPE Enforcement,High,10
701,2024-12-01,Site C,Maintenance,Bruise,Poor Housekeeping,PPE Enforcement,High,9
118,2023-04-28,Site C,Construction,Cut,Other,Equipment Repair,Low,0
647,2024-10-08,Site A,Logistics,None,Lack of PPE,Training,High,9
824,2025-04-03,Site B,Maintenance,Cut,Other,Investigation,High,5
558,2024-07-11,Site A,Maintenance,Bruise,Equipment Failure,Training,Medium,4
23,2023-01-23,Site B,Maintenance,Bruise,Poor Housekeeping,Investigation,Low,2
318,2023-11-14,Site B,Logistics,None,Lack of PPE,Clean-up,Medium,4
